DAY,Section(DE),ROOM1,8-9,ROOM2,9-10,ROOM3,10-11,ROOM4,11-12,ROOM5,12-1,ROOM6,1-2,ROOM7,3-4,ROOM8,4-5,ROOM9,5-6
MON,HPC_CS-1,---,X,---,X,---,X,---,X,---,X,---,X,B-201,HPC(DE),---,X,---,X
MON,HPC_CS-2,---,X,---,X,---,X,---,X,---,X,---,X,---,X,B-201,HPC(DE),---,X
MON,HPC_CS-3,---,X,---,X,---,X,---,X,---,X,---,X,B-202,HPC(DE),---,X,---,X
MON,HPC_CS-4,---,X,---,X,---,X,---,X,---,X,---,X,---,X,B-202,HPC(DE),---,X
MON,HPC_CS-5,---,X,---,X,---,X,---,X,---,X,---,X,B-203,HPC(DE),---,X,---,X
MON,HPC_CS-6,---,X,---,X,---,X,---,X,---,X,---,X,---,X,B-203,HPC(DE),---,X
MON,HPC_CS-7,---,X,---,X,---,X,---,X,---,X,---,X,B-204,HPC(DE),---,X,---,X
MON,HPC_CS-8,---,X,---,X,---,X,---,X,---,X,---,X,---,X,B-204,HPC(DE),---,X
MON,HPC_CS-9,---,X,---,X,---,X,---,X,---,X,---,X,B-205,HPC(DE),---,X,---,X
MON,HPC_CS-10,---,X,---,X,---,X,---,X,---,X,---,X,---,X,B-205,HPC(DE),---,X
MON,HPC_CS-11,---,X,---,X,---,X,---,X,---,X,---,X,B-206,HPC(DE),---,X,---,X
MON,HPC_CS-12,---,X,---,X,---,X,---,X,---,X,---,X,---,X,B-206,HPC(DE),---,X
MON,HPC_CS-13,---,X,---,X,---,X,---,X,---,X,---,X,B-301,HPC(DE),---,X,---,X
MON,HPC_CS-14,---,X,---,X,---,X,---,X,---,X,---,X,---,X,B-301,HPC(DE),---,X
MON,HPC_CS-15,---,X,---,X,---,X,---,X,---,X,---,X,B-302,HPC(DE),---,X,---,X
MON,HPC_CS-16,---,X,---,X,---,X,---,X,---,X,---,X,---,X,B-302,HPC(DE),---,X
MON,HPC_CS-17,---,X,---,X,---,X,---,X,---,X,---,X,B-303,HPC(DE),---,X,---,X
MON,HPC_CS-18,---,X,---,X,---,X,---,X,---,X,---,X,---,X,B-303,HPC(DE),---,X
MON,HPC_CS-19,---,X,---,X,---,X,---,X,---,X,---,X,B-304,HPC(DE),---,X,---,X
MON,HPC_CS-20,---,X,---,X,---,X,---,X,---,X,---,X,B-305,HPC(DE),---,X,---,X
MON,HPC_CS-21,---,X,---,X,---,X,---,X,---,X,---,X,---,X,B-304,HPC(DE),---,X
MON,DOS_CS-1,---,X,---,X,---,X,---,X,---,X,---,X,B-306,DOS(DE),---,X,---,X
MON,DOS_CS-2,---,X,---,X,---,X,---,X,---,X,---,X,---,X,B-305,DOS(DE),---,X
MON,DOS_CS-3,---,X,---,X,---,X,---,X,---,X,---,X,B-401,DOS(DE),---,X,---,X
MON,DOS_CS-4,---,X,---,X,---,X,---,X,---,X,---,X,---,X,B-306,DOS(DE),---,X
MON,DOS_CS-5,---,X,---,X,---,X,---,X,---,X,---,X,B-402,DOS(DE),---,X,---,X
MON,DOS_CS-6,---,X,---,X,---,X,---,X,---,X,---,X,---,X,B-401,DOS(DE),---,X
MON,DOS_CS-7,---,X,---,X,---,X,---,X,---,X,---,X,B-403,DOS(DE),---,X,---,X
MON,DOS_CS-8,---,X,---,X,---,X,---,X,---,X,---,X,---,X,B-402,DOS(DE),---,X
MON,DOS_CS-9,---,X,---,X,---,X,---,X,---,X,---,X,B-404,DOS(DE),---,X,---,X
MON,DOS_CS-10,---,X,---,X,---,X,---,X,---,X,---,X,---,X,B-403,DOS(DE),---,X
MON,DOS_CS-11,---,X,---,X,---,X,---,X,---,X,---,X,B-405,DOS(DE),---,X,---,X
MON,DOS_CS-12,---,X,---,X,---,X,---,X,---,X,---,X,---,X,B-404,DOS(DE),---,X
MON,DOS_CS-13,---,X,---,X,---,X,---,X,---,X,---,X,B-406,DOS(DE),---,X,---,X
MON,DOS_CS-14,---,X,---,X,---,X,---,X,---,X,---,X,---,X,B-405,DOS(DE),---,X
MON,DOS_CS-15,---,X,---,X,---,X,---,X,---,X,---,X,A-LH-003,DOS(DE),---,X,---,X
MON,DOS_CS-16,---,X,---,X,---,X,---,X,---,X,---,X,A-LH-004,DOS(DE),---,X,---,X
MON,DOS_CS-17,---,X,---,X,---,X,---,X,---,X,---,X,---,X,B-406,DOS(DE),---,X
MON,DOS_CS-18,---,X,---,X,---,X,---,X,---,X,---,X,A-LH-005,DOS(DE),---,X,---,X
MON,DOS_CS-19,---,X,---,X,---,X,---,X,---,X,---,X,---,X,A-LH-003,DOS(DE),---,X
MON,DOS_CS-20,---,X,---,X,---,X,---,X,---,X,---,X,A-LH-009,DOS(DE),---,X,---,X
MON,DOS_CS-21,---,X,---,X,---,X,---,X,---,X,---,X,---,X,A-LH-004,DOS(DE),---,X
MON,DOS_CS-22,---,X,---,X,---,X,---,X,---,X,---,X,A-LH-010,DOS(DE),---,X,---,X
MON,DOS_CS-23,---,X,---,X,---,X,---,X,---,X,---,X,---,X,A-LH-005,DOS(DE),---,X
MON,DOS_CS-24,---,X,---,X,---,X,---,X,---,X,---,X,A-LH-104,DOS(DE),---,X,---,X
MON,DOS_CS-25,---,X,---,X,---,X,---,X,---,X,---,X,---,X,A-LH-009,DOS(DE),---,X
MON,DOS_CS-26,---,X,---,X,---,X,---,X,---,X,---,X,A-LH-105,DOS(DE),---,X,---,X
MON,DOS_CS-27,---,X,---,X,---,X,---,X,---,X,---,X,---,X,A-LH-010,DOS(DE),---,X
MON,DOS_CS-28,---,X,---,X,---,X,---,X,---,X,---,X,A-LH-107,DOS(DE),---,X,---,X
MON,DOS_CS-29,---,X,---,X,---,X,---,X,---,X,---,X,---,X,A-LH-104,DOS(DE),---,X
MON,DOS_CS-30,---,X,---,X,---,X,---,X,---,X,---,X,A-LH-109,DOS(DE),---,X,---,X
MON,DOS_CS-31,---,X,---,X,---,X,---,X,---,X,---,X,---,X,A-LH-105,DOS(DE),---,X
MON,DOS_CS-32,---,X,---,X,---,X,---,X,---,X,---,X,A-LH-110,DOS(DE),---,X,---,X
MON,DOS_CS-33,---,X,---,X,---,X,---,X,---,X,---,X,A-LH-206,DOS(DE),---,X,---,X
MON,DOS_CS-34,---,X,---,X,---,X,---,X,---,X,---,X,---,X,A-LH-107,DOS(DE),---,X
MON,DOS_CS-35,---,X,---,X,---,X,---,X,---,X,---,X,---,X,A-LH-109,DOS(DE),---,X
MON,CI_CS-1,---,X,---,X,---,X,---,X,---,X,---,X,---,X,---,X,---,X
MON,CI_CS-2,---,X,---,X,---,X,---,X,---,X,---,X,---,X,---,X,---,X
MON,CI_CS-3,---,X,---,X,---,X,---,X,---,X,---,X,---,X,---,X,---,X
MON,CI_CS-4,---,X,---,X,---,X,---,X,---,X,---,X,---,X,---,X,---,X
MON,CI_CS-5,---,X,---,X,---,X,---,X,---,X,---,X,---,X,---,X,---,X
MON,CI_CS-6,---,X,---,X,---,X,---,X,---,X,---,X,---,X,---,X,---,X
MON,CI_CS-7,---,X,---,X,---,X,---,X,---,X,---,X,---,X,---,X,---,X
MON,CI_CS-8,---,X,---,X,---,X,---,X,---,X,---,X,---,X,---,X,---,X
MON,CI_CS-9,---,X,---,X,---,X,---,X,---,X,---,X,---,X,---,X,---,X
MON,CI_CS-10,---,X,---,X,---,X,---,X,---,X,---,X,---,X,---,X,---,X
MON,CI_CS-11,---,X,---,X,---,X,---,X,---,X,---,X,---,X,---,X,---,X
MON,CI_CS-12,---,X,---,X,---,X,---,X,---,X,---,X,---,X,---,X,---,X
MON,CI_CS-13,---,X,---,X,---,X,---,X,---,X,---,X,---,X,---,X,---,X
MON,CI_CS-14,---,X,---,X,---,X,---,X,---,X,---,X,---,X,---,X,---,X
MON,CD_CS-1,---,X,---,X,---,X,---,X,---,X,---,X,---,X,---,X,---,X
MON,CD_CS-2,---,X,---,X,---,X,---,X,---,X,---,X,---,X,---,X,---,X
MON,CD_CS-3,---,X,---,X,---,X,---,X,---,X,---,X,---,X,---,X,---,X
MON,CD_CS-4,---,X,---,X,---,X,---,X,---,X,---,X,---,X,---,X,---,X
MON,DMDW_CS-1,---,X,---,X,---,X,---,X,---,X,---,X,---,X,---,X,---,X
MON,DMDW_CS-2,---,X,---,X,---,X,---,X,---,X,---,X,---,X,---,X,---,X
MON,DMDW_CS-3,---,X,---,X,---,X,---,X,---,X,---,X,---,X,---,X,---,X
MON,DMDW_CS-4,---,X,---,X,---,X,---,X,---,X,---,X,---,X,---,X,---,X
MON,DMDW_CS-5,---,X,---,X,---,X,---,X,---,X,---,X,---,X,---,X,---,X
MON,DMDW_CS-6,---,X,---,X,---,X,---,X,---,X,---,X,---,X,---,X,---,X
MON,DMDW_CS-7,---,X,---,X,---,X,---,X,---,X,---,X,---,X,---,X,---,X
MON,DMDW_CS-8,---,X,---,X,---,X,---,X,---,X,---,X,---,X,---,X,---,X
MON,DMDW_CS-9,---,X,---,X,---,X,---,X,---,X,---,X,---,X,---,X,---,X
MON,DMDW_CS-10,---,X,---,X,---,X,---,X,---,X,---,X,---,X,---,X,---,X
MON,DMDW_CS-11,---,X,---,X,---,X,---,X,---,X,---,X,---,X,---,X,---,X
MON,DMDW_CS-12,---,X,---,X,---,X,---,X,---,X,---,X,---,X,---,X,---,X
MON,DMDW_CS-13,---,X,---,X,---,X,---,X,---,X,---,X,---,X,---,X,---,X
MON,DMDW_CS-14,---,X,---,X,---,X,---,X,---,X,---,X,---,X,---,X,---,X
MON,DMDW_CS-15,---,X,---,X,---,X,---,X,---,X,---,X,---,X,---,X,---,X
MON,DMDW_CS-16,---,X,---,X,---,X,---,X,---,X,---,X,---,X,---,X,---,X
MON,DMDW_CS-17,---,X,---,X,---,X,---,X,---,X,---,X,---,X,---,X,---,X
MON,DMDW_CS-18,---,X,---,X,---,X,---,X,---,X,---,X,---,X,---,X,---,X
MON,DMDW_CS-19,---,X,---,X,---,X,---,X,---,X,---,X,---,X,---,X,---,X
MON,DMDW_CS-20,---,X,---,X,---,X,---,X,---,X,---,X,---,X,---,X,---,X
MON,DMDW_CS-21,---,X,---,X,---,X,---,X,---,X,---,X,---,X,---,X,---,X
MON,DMDW_CS-22,---,X,---,X,---,X,---,X,---,X,---,X,---,X,---,X,---,X
MON,DMDW_CS-23,---,X,---,X,---,X,---,X,---,X,---,X,---,X,---,X,---,X
MON,DMDW_CS-24,---,X,---,X,---,X,---,X,---,X,---,X,---,X,---,X,---,X
MON,DMDW_CS-25,---,X,---,X,---,X,---,X,---,X,---,X,---,X,---,X,---,X
MON,DMDW_CS-26,---,X,---,X,---,X,---,X,---,X,---,X,---,X,---,X,---,X
MON,DMDW_CS-27,---,X,---,X,---,X,---,X,---,X,---,X,---,X,---,X,---,X
MON,DMDW_CS-28,---,X,---,X,---,X,---,X,---,X,---,X,---,X,---,X,---,X
MON,DMDW_CS-29,---,X,---,X,---,X,---,X,---,X,---,X,---,X,---,X,---,X
MON,DMDW_CS-30,---,X,---,X,---,X,---,X,---,X,---,X,---,X,---,X,---,X
MON,DMDW_CS-31,---,X,---,X,---,X,---,X,---,X,---,X,---,X,---,X,---,X
MON,DMDW_CS-32,---,X,---,X,---,X,---,X,---,X,---,X,---,X,---,X,---,X
MON,DMDW_CS-33,---,X,---,X,---,X,---,X,---,X,---,X,---,X,---,X,---,X
MON,DMDW_CS-34,---,X,---,X,---,X,---,X,---,X,---,X,---,X,---,X,---,X
MON,DMDW_CS-35,---,X,---,X,---,X,---,X,---,X,---,X,---,X,---,X,---,X
MON,DMDW_CS-36,---,X,---,X,---,X,---,X,---,X,---,X,---,X,---,X,---,X
MON,DMDW_CS-37,---,X,---,X,---,X,---,X,---,X,---,X,---,X,---,X,---,X
MON,DMDW_CS-38,---,X,---,X,---,X,---,X,---,X,---,X,---,X,---,X,---,X
MON,AI_IT-1,---,X,---,X,---,X,---,X,---,X,---,X,C-LH-404,AI(DE),---,X,---,X
MON,AI_IT-2,---,X,---,X,---,X,---,X,---,X,---,X,---,X,C-LH-405,AI(DE),---,X
MON,AI_IT-3,---,X,---,X,---,X,---,X,---,X,---,X,C-LH-405,AI(DE),---,X,---,X
MON,AI_IT-4,---,X,---,X,---,X,---,X,---,X,---,X,---,X,C-LH-201,AI(DE),---,X
MON,AI_IT-5,---,X,---,X,---,X,---,X,---,X,---,X,C-LH-201,AI(DE),---,X,---,X
MON,BD_IT-1,---,X,---,X,---,X,---,X,---,X,---,X,---,X,---,X,---,X
MON,BD_IT-2,---,X,---,X,---,X,---,X,---,X,---,X,---,X,---,X,---,X
MON,BD_IT-3,---,X,---,X,---,X,---,X,---,X,---,X,---,X,---,X,---,X
MON,BD_IT-4,---,X,---,X,---,X,---,X,---,X,---,X,---,X,---,X,---,X
MON,CI_IT-1,---,X,---,X,---,X,---,X,---,X,---,X,---,X,---,X,---,X
MON,DSA_CE-1,---,X,---,X,---,X,---,X,---,X,---,X,---,X,C-LH-403,DSA(DE),---,X
MON,DSA_CE-2,---,X,---,X,---,X,---,X,---,X,---,X,C-LH-403,DSA(DE),---,X,---,X
MON,DSA_CE-3,---,X,---,X,---,X,---,X,---,X,---,X,---,X,C-LH-404,DSA(DE),---,X
MON,CI_CE-1,---,X,---,X,---,X,---,X,---,X,---,X,---,X,---,X,---,X
MON,IOT_CE-1,---,X,---,X,---,X,---,X,---,X,---,X,---,X,---,X,---,X
MON,IOT_CE-2,---,X,---,X,---,X,---,X,---,X,---,X,---,X,---,X,---,X
MON,AI_SE-1,---,X,---,X,---,X,---,X,---,X,---,X,C-LH-202,AI(DE),---,X,---,X
MON,AI_SE-2,---,X,---,X,---,X,---,X,---,X,---,X,---,X,C-LH-202,AI(DE),---,X
MON,ML_SE-1,---,X,---,X,---,X,---,X,---,X,---,X,---,X,---,X,---,X
MON,ML_SE-2,---,X,---,X,---,X,---,X,---,X,---,X,---,X,---,X,---,X
,,,,,,,,,,,,,,,,,,,
TUE,HPC_CS-1,---,X,---,X,---,X,---,X,---,X,---,X,---,X,---,X,---,X
TUE,HPC_CS-2,---,X,---,X,---,X,---,X,---,X,---,X,---,X,---,X,---,X
TUE,HPC_CS-3,---,X,---,X,---,X,---,X,---,X,---,X,---,X,---,X,---,X
TUE,HPC_CS-4,---,X,---,X,---,X,---,X,---,X,---,X,---,X,---,X,---,X
TUE,HPC_CS-5,---,X,---,X,---,X,---,X,---,X,---,X,---,X,---,X,---,X
TUE,HPC_CS-6,---,X,---,X,---,X,---,X,---,X,---,X,---,X,---,X,---,X
TUE,HPC_CS-7,---,X,---,X,---,X,---,X,---,X,---,X,---,X,---,X,---,X
TUE,HPC_CS-8,---,X,---,X,---,X,---,X,---,X,---,X,---,X,---,X,---,X
TUE,HPC_CS-9,---,X,---,X,---,X,---,X,---,X,---,X,---,X,---,X,---,X
TUE,HPC_CS-10,---,X,---,X,---,X,---,X,---,X,---,X,---,X,---,X,---,X
TUE,HPC_CS-11,---,X,---,X,---,X,---,X,---,X,---,X,---,X,---,X,---,X
TUE,HPC_CS-12,---,X,---,X,---,X,---,X,---,X,---,X,---,X,---,X,---,X
TUE,HPC_CS-13,---,X,---,X,---,X,---,X,---,X,---,X,---,X,---,X,---,X
TUE,HPC_CS-14,---,X,---,X,---,X,---,X,---,X,---,X,---,X,---,X,---,X
TUE,HPC_CS-15,---,X,---,X,---,X,---,X,---,X,---,X,---,X,---,X,---,X
TUE,HPC_CS-16,---,X,---,X,---,X,---,X,---,X,---,X,---,X,---,X,---,X
TUE,HPC_CS-17,---,X,---,X,---,X,---,X,---,X,---,X,---,X,---,X,---,X
TUE,HPC_CS-18,---,X,---,X,---,X,---,X,---,X,---,X,---,X,---,X,---,X
TUE,HPC_CS-19,---,X,---,X,---,X,---,X,---,X,---,X,---,X,---,X,---,X
TUE,HPC_CS-20,---,X,---,X,---,X,---,X,---,X,---,X,---,X,---,X,---,X
TUE,HPC_CS-21,---,X,---,X,---,X,---,X,---,X,---,X,---,X,---,X,---,X
TUE,DOS_CS-1,---,X,---,X,---,X,---,X,---,X,---,X,---,X,---,X,---,X
TUE,DOS_CS-2,---,X,---,X,---,X,---,X,---,X,---,X,---,X,---,X,---,X
TUE,DOS_CS-3,---,X,---,X,---,X,---,X,---,X,---,X,---,X,---,X,---,X
TUE,DOS_CS-4,---,X,---,X,---,X,---,X,---,X,---,X,---,X,---,X,---,X
TUE,DOS_CS-5,---,X,---,X,---,X,---,X,---,X,---,X,---,X,---,X,---,X
TUE,DOS_CS-6,---,X,---,X,---,X,---,X,---,X,---,X,---,X,---,X,---,X
TUE,DOS_CS-7,---,X,---,X,---,X,---,X,---,X,---,X,---,X,---,X,---,X
TUE,DOS_CS-8,---,X,---,X,---,X,---,X,---,X,---,X,---,X,---,X,---,X
TUE,DOS_CS-9,---,X,---,X,---,X,---,X,---,X,---,X,---,X,---,X,---,X
TUE,DOS_CS-10,---,X,---,X,---,X,---,X,---,X,---,X,---,X,---,X,---,X
TUE,DOS_CS-11,---,X,---,X,---,X,---,X,---,X,---,X,---,X,---,X,---,X
TUE,DOS_CS-12,---,X,---,X,---,X,---,X,---,X,---,X,---,X,---,X,---,X
TUE,DOS_CS-13,---,X,---,X,---,X,---,X,---,X,---,X,---,X,---,X,---,X
TUE,DOS_CS-14,---,X,---,X,---,X,---,X,---,X,---,X,---,X,---,X,---,X
TUE,DOS_CS-15,---,X,---,X,---,X,---,X,---,X,---,X,---,X,---,X,---,X
TUE,DOS_CS-16,---,X,---,X,---,X,---,X,---,X,---,X,---,X,---,X,---,X
TUE,DOS_CS-17,---,X,---,X,---,X,---,X,---,X,---,X,---,X,---,X,---,X
TUE,DOS_CS-18,---,X,---,X,---,X,---,X,---,X,---,X,---,X,---,X,---,X
TUE,DOS_CS-19,---,X,---,X,---,X,---,X,---,X,---,X,---,X,---,X,---,X
TUE,DOS_CS-20,---,X,---,X,---,X,---,X,---,X,---,X,---,X,---,X,---,X
TUE,DOS_CS-21,---,X,---,X,---,X,---,X,---,X,---,X,---,X,---,X,---,X
TUE,DOS_CS-22,---,X,---,X,---,X,---,X,---,X,---,X,---,X,---,X,---,X
TUE,DOS_CS-23,---,X,---,X,---,X,---,X,---,X,---,X,---,X,---,X,---,X
TUE,DOS_CS-24,---,X,---,X,---,X,---,X,---,X,---,X,---,X,---,X,---,X
TUE,DOS_CS-25,---,X,---,X,---,X,---,X,---,X,---,X,---,X,---,X,---,X
TUE,DOS_CS-26,---,X,---,X,---,X,---,X,---,X,---,X,---,X,---,X,---,X
TUE,DOS_CS-27,---,X,---,X,---,X,---,X,---,X,---,X,---,X,---,X,---,X
TUE,DOS_CS-28,---,X,---,X,---,X,---,X,---,X,---,X,---,X,---,X,---,X
TUE,DOS_CS-29,---,X,---,X,---,X,---,X,---,X,---,X,---,X,---,X,---,X
TUE,DOS_CS-30,---,X,---,X,---,X,---,X,---,X,---,X,---,X,---,X,---,X
TUE,DOS_CS-31,---,X,---,X,---,X,---,X,---,X,---,X,---,X,---,X,---,X
TUE,DOS_CS-32,---,X,---,X,---,X,---,X,---,X,---,X,---,X,---,X,---,X
TUE,DOS_CS-33,---,X,---,X,---,X,---,X,---,X,---,X,---,X,---,X,---,X
TUE,DOS_CS-34,---,X,---,X,---,X,---,X,---,X,---,X,---,X,---,X,---,X
TUE,DOS_CS-35,---,X,---,X,---,X,---,X,---,X,---,X,---,X,---,X,---,X
TUE,CI_CS-1,---,X,---,X,---,X,---,X,---,X,---,X,A-LH-004,CI(DE),---,X,---,X
TUE,CI_CS-2,---,X,---,X,---,X,---,X,---,X,---,X,---,X,A-LH-004,CI(DE),---,X
TUE,CI_CS-3,---,X,---,X,---,X,---,X,---,X,---,X,A-LH-005,CI(DE),---,X,---,X
TUE,CI_CS-4,---,X,---,X,---,X,---,X,---,X,---,X,---,X,A-LH-005,CI(DE),---,X
TUE,CI_CS-5,---,X,---,X,---,X,---,X,---,X,---,X,A-LH-009,CI(DE),---,X,---,X
TUE,CI_CS-6,---,X,---,X,---,X,---,X,---,X,---,X,---,X,A-LH-009,CI(DE),---,X
TUE,CI_CS-7,---,X,---,X,---,X,---,X,---,X,---,X,A-LH-010,CI(DE),---,X,---,X
TUE,CI_CS-8,---,X,---,X,---,X,---,X,---,X,---,X,---,X,A-LH-010,CI(DE),---,X
TUE,CI_CS-9,---,X,---,X,---,X,---,X,---,X,---,X,A-LH-104,CI(DE),---,X,---,X
TUE,CI_CS-10,---,X,---,X,---,X,---,X,---,X,---,X,---,X,A-LH-104,CI(DE),---,X
TUE,CI_CS-11,---,X,---,X,---,X,---,X,---,X,---,X,A-LH-105,CI(DE),---,X,---,X
TUE,CI_CS-12,---,X,---,X,---,X,---,X,---,X,---,X,---,X,A-LH-105,CI(DE),---,X
TUE,CI_CS-13,---,X,---,X,---,X,---,X,---,X,---,X,---,X,A-LH-107,CI(DE),---,X
TUE,CI_CS-14,---,X,---,X,---,X,---,X,---,X,---,X,A-LH-107,CI(DE),---,X,---,X
TUE,CD_CS-1,---,X,---,X,---,X,---,X,---,X,---,X,---,X,A-LH-109,CD(DE),---,X
TUE,CD_CS-2,---,X,---,X,---,X,---,X,---,X,---,X,A-LH-109,CD(DE),---,X,---,X
TUE,CD_CS-3,---,X,---,X,---,X,---,X,---,X,---,X,---,X,A-LH-110,CD(DE),---,X
TUE,CD_CS-4,---,X,---,X,---,X,---,X,---,X,---,X,A-LH-110,CD(DE),---,X,---,X
TUE,DMDW_CS-1,---,X,---,X,---,X,---,X,---,X,---,X,---,X,B-201,DMDW(DE),---,X
TUE,DMDW_CS-2,---,X,---,X,---,X,---,X,---,X,---,X,B-201,DMDW(DE),---,X,---,X
TUE,DMDW_CS-3,---,X,---,X,---,X,---,X,---,X,---,X,---,X,B-202,DMDW(DE),---,X
TUE,DMDW_CS-4,---,X,---,X,---,X,---,X,---,X,---,X,B-202,DMDW(DE),---,X,---,X
TUE,DMDW_CS-5,---,X,---,X,---,X,---,X,---,X,---,X,---,X,B-203,DMDW(DE),---,X
TUE,DMDW_CS-6,---,X,---,X,---,X,---,X,---,X,---,X,B-203,DMDW(DE),---,X,---,X
TUE,DMDW_CS-7,---,X,---,X,---,X,---,X,---,X,---,X,B-204,DMDW(DE),---,X,---,X
TUE,DMDW_CS-8,---,X,---,X,---,X,---,X,---,X,---,X,---,X,B-204,DMDW(DE),---,X
TUE,DMDW_CS-9,---,X,---,X,---,X,---,X,---,X,---,X,B-205,DMDW(DE),---,X,---,X
TUE,DMDW_CS-10,---,X,---,X,---,X,---,X,---,X,---,X,---,X,B-205,DMDW(DE),---,X
TUE,DMDW_CS-11,---,X,---,X,---,X,---,X,---,X,---,X,B-206,DMDW(DE),---,X,---,X
TUE,DMDW_CS-12,---,X,---,X,---,X,---,X,---,X,---,X,---,X,B-206,DMDW(DE),---,X
TUE,DMDW_CS-13,---,X,---,X,---,X,---,X,---,X,---,X,---,X,B-301,DMDW(DE),---,X
TUE,DMDW_CS-14,---,X,---,X,---,X,---,X,---,X,---,X,---,X,B-302,DMDW(DE),---,X
TUE,DMDW_CS-15,---,X,---,X,---,X,---,X,---,X,---,X,B-301,DMDW(DE),---,X,---,X
TUE,DMDW_CS-16,---,X,---,X,---,X,---,X,---,X,---,X,B-302,DMDW(DE),---,X,---,X
TUE,DMDW_CS-17,---,X,---,X,---,X,---,X,---,X,---,X,---,X,B-303,DMDW(DE),---,X
TUE,DMDW_CS-18,---,X,---,X,---,X,---,X,---,X,---,X,B-303,DMDW(DE),---,X,---,X
TUE,DMDW_CS-19,---,X,---,X,---,X,---,X,---,X,---,X,---,X,B-304,DMDW(DE),---,X
TUE,DMDW_CS-20,---,X,---,X,---,X,---,X,---,X,---,X,---,X,B-305,DMDW(DE),---,X
TUE,DMDW_CS-21,---,X,---,X,---,X,---,X,---,X,---,X,B-304,DMDW(DE),---,X,---,X
TUE,DMDW_CS-22,---,X,---,X,---,X,---,X,---,X,---,X,---,X,B-306,DMDW(DE),---,X
TUE,DMDW_CS-23,---,X,---,X,---,X,---,X,---,X,---,X,B-305,DMDW(DE),---,X,---,X
TUE,DMDW_CS-24,---,X,---,X,---,X,---,X,---,X,---,X,---,X,B-401,DMDW(DE),---,X
TUE,DMDW_CS-25,---,X,---,X,---,X,---,X,---,X,---,X,B-306,DMDW(DE),---,X,---,X
TUE,DMDW_CS-26,---,X,---,X,---,X,---,X,---,X,---,X,B-401,DMDW(DE),---,X,---,X
TUE,DMDW_CS-27,---,X,---,X,---,X,---,X,---,X,---,X,---,X,B-402,DMDW(DE),---,X
TUE,DMDW_CS-28,---,X,---,X,---,X,---,X,---,X,---,X,B-402,DMDW(DE),---,X,---,X
TUE,DMDW_CS-29,---,X,---,X,---,X,---,X,---,X,---,X,---,X,B-403,DMDW(DE),---,X
TUE,DMDW_CS-30,---,X,---,X,---,X,---,X,---,X,---,X,B-403,DMDW(DE),---,X,---,X
TUE,DMDW_CS-31,---,X,---,X,---,X,---,X,---,X,---,X,B-404,DMDW(DE),---,X,---,X
TUE,DMDW_CS-32,---,X,---,X,---,X,---,X,---,X,---,X,---,X,B-404,DMDW(DE),---,X
TUE,DMDW_CS-33,---,X,---,X,---,X,---,X,---,X,---,X,---,X,B-405,DMDW(DE),---,X
TUE,DMDW_CS-34,---,X,---,X,---,X,---,X,---,X,---,X,B-405,DMDW(DE),---,X,---,X
TUE,DMDW_CS-35,---,X,---,X,---,X,---,X,---,X,---,X,---,X,B-406,DMDW(DE),---,X
TUE,DMDW_CS-36,---,X,---,X,---,X,---,X,---,X,---,X,B-406,DMDW(DE),---,X,---,X
TUE,DMDW_CS-37,---,X,---,X,---,X,---,X,---,X,---,X,---,X,A-LH-003,DMDW(DE),---,X
TUE,DMDW_CS-38,---,X,---,X,---,X,---,X,---,X,---,X,A-LH-003,DMDW(DE),---,X,---,X
TUE,AI_IT-1,---,X,---,X,---,X,---,X,---,X,---,X,---,X,---,X,---,X
TUE,AI_IT-2,---,X,---,X,---,X,---,X,---,X,---,X,---,X,---,X,---,X
TUE,AI_IT-3,---,X,---,X,---,X,---,X,---,X,---,X,---,X,---,X,---,X
TUE,AI_IT-4,---,X,---,X,---,X,---,X,---,X,---,X,---,X,---,X,---,X
TUE,AI_IT-5,---,X,---,X,---,X,---,X,---,X,---,X,---,X,---,X,---,X
TUE,BD_IT-1,---,X,---,X,---,X,---,X,---,X,---,X,---,X,C-LH-404,BD(DE),---,X
TUE,BD_IT-2,---,X,---,X,---,X,---,X,---,X,---,X,C-LH-405,BD(DE),---,X,---,X
TUE,BD_IT-3,---,X,---,X,---,X,---,X,---,X,---,X,---,X,C-LH-405,BD(DE),---,X
TUE,BD_IT-4,---,X,---,X,---,X,---,X,---,X,---,X,C-LH-201,BD(DE),---,X,---,X
TUE,CI_IT-1,---,X,---,X,---,X,---,X,---,X,---,X,---,X,C-LH-201,CI(DE),---,X
TUE,DSA_CE-1,---,X,---,X,---,X,---,X,---,X,---,X,---,X,---,X,---,X
TUE,DSA_CE-2,---,X,---,X,---,X,---,X,---,X,---,X,---,X,---,X,---,X
TUE,DSA_CE-3,---,X,---,X,---,X,---,X,---,X,---,X,---,X,---,X,---,X
TUE,CI_CE-1,---,X,---,X,---,X,---,X,---,X,---,X,C-LH-404,CI(DE),---,X,---,X
TUE,IOT_CE-1,---,X,---,X,---,X,---,X,---,X,---,X,---,X,C-LH-403,IOT(DE),---,X
TUE,IOT_CE-2,---,X,---,X,---,X,---,X,---,X,---,X,C-LH-403,IOT(DE),---,X,---,X
TUE,AI_SE-1,---,X,---,X,---,X,---,X,---,X,---,X,---,X,---,X,---,X
TUE,AI_SE-2,---,X,---,X,---,X,---,X,---,X,---,X,---,X,---,X,---,X
TUE,ML_SE-1,---,X,---,X,---,X,---,X,---,X,---,X,---,X,C-LH-202,ML(DE),---,X
TUE,ML_SE-2,---,X,---,X,---,X,---,X,---,X,---,X,---,X,C-LH-203,ML(DE),---,X
,,,,,,,,,,,,,,,,,,,
WED,HPC_CS-1,---,X,---,X,---,X,---,X,B-201,HPC(DE),---,X,---,X,---,X,---,X
WED,HPC_CS-2,---,X,---,X,---,X,---,X,---,X,---,X,---,X,---,X,---,X
WED,HPC_CS-3,---,X,---,X,---,X,---,X,B-202,HPC(DE),---,X,---,X,---,X,---,X
WED,HPC_CS-4,---,X,---,X,---,X,---,X,---,X,---,X,---,X,---,X,---,X
WED,HPC_CS-5,---,X,---,X,---,X,---,X,B-203,HPC(DE),---,X,---,X,---,X,---,X
WED,HPC_CS-6,---,X,---,X,---,X,---,X,---,X,---,X,---,X,---,X,---,X
WED,HPC_CS-7,---,X,---,X,---,X,---,X,B-204,HPC(DE),---,X,---,X,---,X,---,X
WED,HPC_CS-8,---,X,---,X,---,X,---,X,---,X,---,X,---,X,---,X,---,X
WED,HPC_CS-9,---,X,---,X,---,X,---,X,B-205,HPC(DE),---,X,---,X,---,X,---,X
WED,HPC_CS-10,---,X,---,X,---,X,---,X,---,X,---,X,---,X,---,X,---,X
WED,HPC_CS-11,---,X,---,X,---,X,---,X,B-206,HPC(DE),---,X,---,X,---,X,---,X
WED,HPC_CS-12,---,X,---,X,---,X,---,X,---,X,---,X,---,X,---,X,---,X
WED,HPC_CS-13,---,X,---,X,---,X,---,X,B-301,HPC(DE),---,X,---,X,---,X,---,X
WED,HPC_CS-14,---,X,---,X,---,X,---,X,---,X,---,X,---,X,---,X,---,X
WED,HPC_CS-15,---,X,---,X,---,X,---,X,B-302,HPC(DE),---,X,---,X,---,X,---,X
WED,HPC_CS-16,---,X,---,X,---,X,---,X,---,X,---,X,---,X,---,X,---,X
WED,HPC_CS-17,---,X,---,X,---,X,---,X,B-303,HPC(DE),---,X,---,X,---,X,---,X
WED,HPC_CS-18,---,X,---,X,---,X,---,X,---,X,---,X,---,X,---,X,---,X
WED,HPC_CS-19,---,X,---,X,---,X,---,X,B-304,HPC(DE),---,X,---,X,---,X,---,X
WED,HPC_CS-20,---,X,---,X,---,X,---,X,B-305,HPC(DE),---,X,---,X,---,X,---,X
WED,HPC_CS-21,---,X,---,X,---,X,---,X,---,X,---,X,---,X,---,X,---,X
WED,DOS_CS-1,---,X,---,X,---,X,---,X,B-306,DOS(DE),---,X,---,X,---,X,---,X
WED,DOS_CS-2,---,X,---,X,---,X,---,X,---,X,---,X,---,X,---,X,---,X
WED,DOS_CS-3,---,X,---,X,---,X,---,X,B-401,DOS(DE),---,X,---,X,---,X,---,X
WED,DOS_CS-4,---,X,---,X,---,X,---,X,---,X,---,X,---,X,---,X,---,X
WED,DOS_CS-5,---,X,---,X,---,X,---,X,B-402,DOS(DE),---,X,---,X,---,X,---,X
WED,DOS_CS-6,---,X,---,X,---,X,---,X,---,X,---,X,---,X,---,X,---,X
WED,DOS_CS-7,---,X,---,X,---,X,---,X,B-403,DOS(DE),---,X,---,X,---,X,---,X
WED,DOS_CS-8,---,X,---,X,---,X,---,X,---,X,---,X,---,X,---,X,---,X
WED,DOS_CS-9,---,X,---,X,---,X,---,X,B-404,DOS(DE),---,X,---,X,---,X,---,X
WED,DOS_CS-10,---,X,---,X,---,X,---,X,---,X,---,X,---,X,---,X,---,X
WED,DOS_CS-11,---,X,---,X,---,X,---,X,B-405,DOS(DE),---,X,---,X,---,X,---,X
WED,DOS_CS-12,---,X,---,X,---,X,---,X,---,X,---,X,---,X,---,X,---,X
WED,DOS_CS-13,---,X,---,X,---,X,---,X,B-406,DOS(DE),---,X,---,X,---,X,---,X
WED,DOS_CS-14,---,X,---,X,---,X,---,X,---,X,---,X,---,X,---,X,---,X
WED,DOS_CS-15,---,X,---,X,---,X,---,X,A-LH-003,DOS(DE),---,X,---,X,---,X,---,X
WED,DOS_CS-16,---,X,---,X,---,X,---,X,A-LH-004,DOS(DE),---,X,---,X,---,X,---,X
WED,DOS_CS-17,---,X,---,X,---,X,---,X,---,X,---,X,---,X,---,X,---,X
WED,DOS_CS-18,---,X,---,X,---,X,---,X,A-LH-005,DOS(DE),---,X,---,X,---,X,---,X
WED,DOS_CS-19,---,X,---,X,---,X,---,X,---,X,---,X,---,X,---,X,---,X
WED,DOS_CS-20,---,X,---,X,---,X,---,X,A-LH-009,DOS(DE),---,X,---,X,---,X,---,X
WED,DOS_CS-21,---,X,---,X,---,X,---,X,---,X,---,X,---,X,---,X,---,X
WED,DOS_CS-22,---,X,---,X,---,X,---,X,A-LH-010,DOS(DE),---,X,---,X,---,X,---,X
WED,DOS_CS-23,---,X,---,X,---,X,---,X,---,X,---,X,---,X,---,X,---,X
WED,DOS_CS-24,---,X,---,X,---,X,---,X,A-LH-104,DOS(DE),---,X,---,X,---,X,---,X
WED,DOS_CS-25,---,X,---,X,---,X,---,X,---,X,---,X,---,X,---,X,---,X
WED,DOS_CS-26,---,X,---,X,---,X,---,X,A-LH-105,DOS(DE),---,X,---,X,---,X,---,X
WED,DOS_CS-27,---,X,---,X,---,X,---,X,---,X,---,X,---,X,---,X,---,X
WED,DOS_CS-28,---,X,---,X,---,X,---,X,A-LH-107,DOS(DE),---,X,---,X,---,X,---,X
WED,DOS_CS-29,---,X,---,X,---,X,---,X,---,X,---,X,---,X,---,X,---,X
WED,DOS_CS-30,---,X,---,X,---,X,---,X,A-LH-109,DOS(DE),---,X,---,X,---,X,---,X
WED,DOS_CS-31,---,X,---,X,---,X,---,X,---,X,---,X,---,X,---,X,---,X
WED,DOS_CS-32,---,X,---,X,---,X,---,X,A-LH-110,DOS(DE),---,X,---,X,---,X,---,X
WED,DOS_CS-33,---,X,---,X,---,X,---,X,A-LH-206,DOS(DE),---,X,---,X,---,X,---,X
WED,DOS_CS-34,---,X,---,X,---,X,---,X,---,X,---,X,---,X,---,X,---,X
WED,DOS_CS-35,---,X,---,X,---,X,---,X,---,X,---,X,---,X,---,X,---,X
WED,CI_CS-1,---,X,---,X,---,X,---,X,---,X,A-LH-004,CI(DE),---,X,---,X,---,X
WED,CI_CS-2,---,X,---,X,---,X,A-LH-004,CI(DE),---,X,---,X,---,X,---,X,---,X
WED,CI_CS-3,---,X,---,X,---,X,---,X,---,X,A-LH-005,CI(DE),---,X,---,X,---,X
WED,CI_CS-4,---,X,---,X,---,X,A-LH-005,CI(DE),---,X,---,X,---,X,---,X,---,X
WED,CI_CS-5,---,X,---,X,---,X,---,X,---,X,A-LH-009,CI(DE),---,X,---,X,---,X
WED,CI_CS-6,---,X,---,X,---,X,A-LH-009,CI(DE),---,X,---,X,---,X,---,X,---,X
WED,CI_CS-7,---,X,---,X,---,X,---,X,---,X,A-LH-010,CI(DE),---,X,---,X,---,X
WED,CI_CS-8,---,X,---,X,---,X,A-LH-010,CI(DE),---,X,---,X,---,X,---,X,---,X
WED,CI_CS-9,---,X,---,X,---,X,---,X,---,X,A-LH-104,CI(DE),---,X,---,X,---,X
WED,CI_CS-10,---,X,---,X,---,X,A-LH-104,CI(DE),---,X,---,X,---,X,---,X,---,X
WED,CI_CS-11,---,X,---,X,---,X,---,X,---,X,A-LH-105,CI(DE),---,X,---,X,---,X
WED,CI_CS-12,---,X,---,X,---,X,A-LH-105,CI(DE),---,X,---,X,---,X,---,X,---,X
WED,CI_CS-13,---,X,---,X,---,X,A-LH-107,CI(DE),---,X,---,X,---,X,---,X,---,X
WED,CI_CS-14,---,X,---,X,---,X,---,X,---,X,A-LH-107,CI(DE),---,X,---,X,---,X
WED,CD_CS-1,---,X,---,X,---,X,A-LH-109,CD(DE),---,X,---,X,---,X,---,X,---,X
WED,CD_CS-2,---,X,---,X,---,X,---,X,---,X,A-LH-109,CD(DE),---,X,---,X,---,X
WED,CD_CS-3,---,X,---,X,---,X,A-LH-110,CD(DE),---,X,---,X,---,X,---,X,---,X
WED,CD_CS-4,---,X,---,X,---,X,---,X,---,X,A-LH-110,CD(DE),---,X,---,X,---,X
WED,DMDW_CS-1,---,X,---,X,---,X,B-201,DMDW(DE),---,X,---,X,---,X,---,X,---,X
WED,DMDW_CS-2,---,X,---,X,---,X,---,X,---,X,B-201,DMDW(DE),---,X,---,X,---,X
WED,DMDW_CS-3,---,X,---,X,---,X,B-202,DMDW(DE),---,X,---,X,---,X,---,X,---,X
WED,DMDW_CS-4,---,X,---,X,---,X,---,X,---,X,B-202,DMDW(DE),---,X,---,X,---,X
WED,DMDW_CS-5,---,X,---,X,---,X,B-203,DMDW(DE),---,X,---,X,---,X,---,X,---,X
WED,DMDW_CS-6,---,X,---,X,---,X,---,X,---,X,B-203,DMDW(DE),---,X,---,X,---,X
WED,DMDW_CS-7,---,X,---,X,---,X,---,X,---,X,B-204,DMDW(DE),---,X,---,X,---,X
WED,DMDW_CS-8,---,X,---,X,---,X,B-204,DMDW(DE),---,X,---,X,---,X,---,X,---,X
WED,DMDW_CS-9,---,X,---,X,---,X,---,X,---,X,B-205,DMDW(DE),---,X,---,X,---,X
WED,DMDW_CS-10,---,X,---,X,---,X,B-205,DMDW(DE),---,X,---,X,---,X,---,X,---,X
WED,DMDW_CS-11,---,X,---,X,---,X,---,X,---,X,B-206,DMDW(DE),---,X,---,X,---,X
WED,DMDW_CS-12,---,X,---,X,---,X,B-206,DMDW(DE),---,X,---,X,---,X,---,X,---,X
WED,DMDW_CS-13,---,X,---,X,---,X,B-301,DMDW(DE),---,X,---,X,---,X,---,X,---,X
WED,DMDW_CS-14,---,X,---,X,---,X,B-302,DMDW(DE),---,X,---,X,---,X,---,X,---,X
WED,DMDW_CS-15,---,X,---,X,---,X,---,X,---,X,B-301,DMDW(DE),---,X,---,X,---,X
WED,DMDW_CS-16,---,X,---,X,---,X,---,X,---,X,B-302,DMDW(DE),---,X,---,X,---,X
WED,DMDW_CS-17,---,X,---,X,---,X,B-303,DMDW(DE),---,X,---,X,---,X,---,X,---,X
WED,DMDW_CS-18,---,X,---,X,---,X,---,X,---,X,B-303,DMDW(DE),---,X,---,X,---,X
WED,DMDW_CS-19,---,X,---,X,---,X,B-304,DMDW(DE),---,X,---,X,---,X,---,X,---,X
WED,DMDW_CS-20,---,X,---,X,---,X,B-305,DMDW(DE),---,X,---,X,---,X,---,X,---,X
WED,DMDW_CS-21,---,X,---,X,---,X,---,X,---,X,B-304,DMDW(DE),---,X,---,X,---,X
WED,DMDW_CS-22,---,X,---,X,---,X,B-306,DMDW(DE),---,X,---,X,---,X,---,X,---,X
WED,DMDW_CS-23,---,X,---,X,---,X,---,X,---,X,B-305,DMDW(DE),---,X,---,X,---,X
WED,DMDW_CS-24,---,X,---,X,---,X,B-401,DMDW(DE),---,X,---,X,---,X,---,X,---,X
WED,DMDW_CS-25,---,X,---,X,---,X,---,X,---,X,B-306,DMDW(DE),---,X,---,X,---,X
WED,DMDW_CS-26,---,X,---,X,---,X,---,X,---,X,B-401,DMDW(DE),---,X,---,X,---,X
WED,DMDW_CS-27,---,X,---,X,---,X,B-402,DMDW(DE),---,X,---,X,---,X,---,X,---,X
WED,DMDW_CS-28,---,X,---,X,---,X,---,X,---,X,B-402,DMDW(DE),---,X,---,X,---,X
WED,DMDW_CS-29,---,X,---,X,---,X,B-403,DMDW(DE),---,X,---,X,---,X,---,X,---,X
WED,DMDW_CS-30,---,X,---,X,---,X,---,X,---,X,B-403,DMDW(DE),---,X,---,X,---,X
WED,DMDW_CS-31,---,X,---,X,---,X,---,X,---,X,B-404,DMDW(DE),---,X,---,X,---,X
WED,DMDW_CS-32,---,X,---,X,---,X,B-404,DMDW(DE),---,X,---,X,---,X,---,X,---,X
WED,DMDW_CS-33,---,X,---,X,---,X,B-405,DMDW(DE),---,X,---,X,---,X,---,X,---,X
WED,DMDW_CS-34,---,X,---,X,---,X,---,X,---,X,B-405,DMDW(DE),---,X,---,X,---,X
WED,DMDW_CS-35,---,X,---,X,---,X,B-406,DMDW(DE),---,X,---,X,---,X,---,X,---,X
WED,DMDW_CS-36,---,X,---,X,---,X,---,X,---,X,B-406,DMDW(DE),---,X,---,X,---,X
WED,DMDW_CS-37,---,X,---,X,---,X,A-LH-003,DMDW(DE),---,X,---,X,---,X,---,X,---,X
WED,DMDW_CS-38,---,X,---,X,---,X,---,X,---,X,A-LH-003,DMDW(DE),---,X,---,X,---,X
WED,AI_IT-1,---,X,---,X,---,X,---,X,C-LH-404,AI(DE),---,X,---,X,---,X,---,X
WED,AI_IT-2,---,X,---,X,---,X,---,X,---,X,---,X,---,X,---,X,---,X
WED,AI_IT-3,---,X,---,X,---,X,---,X,C-LH-405,AI(DE),---,X,---,X,---,X,---,X
WED,AI_IT-4,---,X,---,X,---,X,---,X,---,X,---,X,---,X,---,X,---,X
WED,AI_IT-5,---,X,---,X,---,X,---,X,C-LH-201,AI(DE),---,X,---,X,---,X,---,X
WED,BD_IT-1,---,X,---,X,---,X,C-LH-404,BD(DE),---,X,---,X,---,X,---,X,---,X
WED,BD_IT-2,---,X,---,X,---,X,---,X,---,X,C-LH-405,BD(DE),---,X,---,X,---,X
WED,BD_IT-3,---,X,---,X,---,X,C-LH-405,BD(DE),---,X,---,X,---,X,---,X,---,X
WED,BD_IT-4,---,X,---,X,---,X,---,X,---,X,C-LH-201,BD(DE),---,X,---,X,---,X
WED,CI_IT-1,---,X,---,X,---,X,C-LH-201,CI(DE),---,X,---,X,---,X,---,X,---,X
WED,DSA_CE-1,---,X,---,X,---,X,---,X,---,X,---,X,---,X,---,X,---,X
WED,DSA_CE-2,---,X,---,X,---,X,---,X,C-LH-403,DSA(DE),---,X,---,X,---,X,---,X
WED,DSA_CE-3,---,X,---,X,---,X,---,X,---,X,---,X,---,X,---,X,---,X
WED,CI_CE-1,---,X,---,X,---,X,---,X,---,X,C-LH-404,CI(DE),---,X,---,X,---,X
WED,IOT_CE-1,---,X,---,X,---,X,C-LH-403,IOT(DE),---,X,---,X,---,X,---,X,---,X
WED,IOT_CE-2,---,X,---,X,---,X,---,X,---,X,C-LH-403,IOT(DE),---,X,---,X,---,X
WED,AI_SE-1,---,X,---,X,---,X,---,X,C-LH-202,AI(DE),---,X,---,X,---,X,---,X
WED,AI_SE-2,---,X,---,X,---,X,---,X,---,X,---,X,---,X,---,X,---,X
WED,ML_SE-1,---,X,---,X,---,X,C-LH-202,ML(DE),---,X,---,X,---,X,---,X,---,X
WED,ML_SE-2,---,X,---,X,---,X,C-LH-203,ML(DE),---,X,---,X,---,X,---,X,---,X
,,,,,,,,,,,,,,,,,,,
THU,HPC_CS-1,---,X,---,X,---,X,---,X,---,X,---,X,---,X,B-201,HPC(DE),---,X
THU,HPC_CS-2,---,X,---,X,---,X,---,X,---,X,---,X,B-201,HPC(DE),---,X,---,X
THU,HPC_CS-3,---,X,---,X,---,X,---,X,---,X,---,X,---,X,B-202,HPC(DE),---,X
THU,HPC_CS-4,---,X,---,X,---,X,---,X,---,X,---,X,B-202,HPC(DE),---,X,---,X
THU,HPC_CS-5,---,X,---,X,---,X,---,X,---,X,---,X,---,X,B-203,HPC(DE),---,X
THU,HPC_CS-6,---,X,---,X,---,X,---,X,---,X,---,X,B-203,HPC(DE),---,X,---,X
THU,HPC_CS-7,---,X,---,X,---,X,---,X,---,X,---,X,---,X,B-204,HPC(DE),---,X
THU,HPC_CS-8,---,X,---,X,---,X,---,X,---,X,---,X,B-204,HPC(DE),---,X,---,X
THU,HPC_CS-9,---,X,---,X,---,X,---,X,---,X,---,X,---,X,B-205,HPC(DE),---,X
THU,HPC_CS-10,---,X,---,X,---,X,---,X,---,X,---,X,B-205,HPC(DE),---,X,---,X
THU,HPC_CS-11,---,X,---,X,---,X,---,X,---,X,---,X,---,X,B-206,HPC(DE),---,X
THU,HPC_CS-12,---,X,---,X,---,X,---,X,---,X,---,X,B-206,HPC(DE),---,X,---,X
THU,HPC_CS-13,---,X,---,X,---,X,---,X,---,X,---,X,---,X,B-301,HPC(DE),---,X
THU,HPC_CS-14,---,X,---,X,---,X,---,X,---,X,---,X,B-301,HPC(DE),---,X,---,X
THU,HPC_CS-15,---,X,---,X,---,X,---,X,---,X,---,X,---,X,B-302,HPC(DE),---,X
THU,HPC_CS-16,---,X,---,X,---,X,---,X,---,X,---,X,B-302,HPC(DE),---,X,---,X
THU,HPC_CS-17,---,X,---,X,---,X,---,X,---,X,---,X,---,X,B-303,HPC(DE),---,X
THU,HPC_CS-18,---,X,---,X,---,X,---,X,---,X,---,X,B-303,HPC(DE),---,X,---,X
THU,HPC_CS-19,---,X,---,X,---,X,---,X,---,X,---,X,---,X,B-304,HPC(DE),---,X
THU,HPC_CS-20,---,X,---,X,---,X,---,X,---,X,---,X,---,X,B-305,HPC(DE),---,X
THU,HPC_CS-21,---,X,---,X,---,X,---,X,---,X,---,X,B-304,HPC(DE),---,X,---,X
THU,DOS_CS-1,---,X,---,X,---,X,---,X,---,X,---,X,---,X,B-306,DOS(DE),---,X
THU,DOS_CS-2,---,X,---,X,---,X,---,X,---,X,---,X,B-305,DOS(DE),---,X,---,X
THU,DOS_CS-3,---,X,---,X,---,X,---,X,---,X,---,X,---,X,B-401,DOS(DE),---,X
THU,DOS_CS-4,---,X,---,X,---,X,---,X,---,X,---,X,B-306,DOS(DE),---,X,---,X
THU,DOS_CS-5,---,X,---,X,---,X,---,X,---,X,---,X,---,X,B-402,DOS(DE),---,X
THU,DOS_CS-6,---,X,---,X,---,X,---,X,---,X,---,X,B-401,DOS(DE),---,X,---,X
THU,DOS_CS-7,---,X,---,X,---,X,---,X,---,X,---,X,---,X,B-403,DOS(DE),---,X
THU,DOS_CS-8,---,X,---,X,---,X,---,X,---,X,---,X,B-402,DOS(DE),---,X,---,X
THU,DOS_CS-9,---,X,---,X,---,X,---,X,---,X,---,X,---,X,B-404,DOS(DE),---,X
THU,DOS_CS-10,---,X,---,X,---,X,---,X,---,X,---,X,B-403,DOS(DE),---,X,---,X
THU,DOS_CS-11,---,X,---,X,---,X,---,X,---,X,---,X,---,X,B-405,DOS(DE),---,X
THU,DOS_CS-12,---,X,---,X,---,X,---,X,---,X,---,X,B-404,DOS(DE),---,X,---,X
THU,DOS_CS-13,---,X,---,X,---,X,---,X,---,X,---,X,---,X,B-406,DOS(DE),---,X
THU,DOS_CS-14,---,X,---,X,---,X,---,X,---,X,---,X,B-405,DOS(DE),---,X,---,X
THU,DOS_CS-15,---,X,---,X,---,X,---,X,---,X,---,X,---,X,A-LH-003,DOS(DE),---,X
THU,DOS_CS-16,---,X,---,X,---,X,---,X,---,X,---,X,---,X,A-LH-004,DOS(DE),---,X
THU,DOS_CS-17,---,X,---,X,---,X,---,X,---,X,---,X,B-406,DOS(DE),---,X,---,X
THU,DOS_CS-18,---,X,---,X,---,X,---,X,---,X,---,X,---,X,A-LH-005,DOS(DE),---,X
THU,DOS_CS-19,---,X,---,X,---,X,---,X,---,X,---,X,A-LH-003,DOS(DE),---,X,---,X
THU,DOS_CS-20,---,X,---,X,---,X,---,X,---,X,---,X,---,X,A-LH-009,DOS(DE),---,X
THU,DOS_CS-21,---,X,---,X,---,X,---,X,---,X,---,X,A-LH-004,DOS(DE),---,X,---,X
THU,DOS_CS-22,---,X,---,X,---,X,---,X,---,X,---,X,---,X,A-LH-010,DOS(DE),---,X
THU,DOS_CS-23,---,X,---,X,---,X,---,X,---,X,---,X,A-LH-005,DOS(DE),---,X,---,X
THU,DOS_CS-24,---,X,---,X,---,X,---,X,---,X,---,X,---,X,A-LH-104,DOS(DE),---,X
THU,DOS_CS-25,---,X,---,X,---,X,---,X,---,X,---,X,A-LH-009,DOS(DE),---,X,---,X
THU,DOS_CS-26,---,X,---,X,---,X,---,X,---,X,---,X,---,X,A-LH-105,DOS(DE),---,X
THU,DOS_CS-27,---,X,---,X,---,X,---,X,---,X,---,X,A-LH-010,DOS(DE),---,X,---,X
THU,DOS_CS-28,---,X,---,X,---,X,---,X,---,X,---,X,---,X,A-LH-107,DOS(DE),---,X
THU,DOS_CS-29,---,X,---,X,---,X,---,X,---,X,---,X,A-LH-104,DOS(DE),---,X,---,X
THU,DOS_CS-30,---,X,---,X,---,X,---,X,---,X,---,X,---,X,A-LH-109,DOS(DE),---,X
THU,DOS_CS-31,---,X,---,X,---,X,---,X,---,X,---,X,A-LH-105,DOS(DE),---,X,---,X
THU,DOS_CS-32,---,X,---,X,---,X,---,X,---,X,---,X,---,X,A-LH-110,DOS(DE),---,X
THU,DOS_CS-33,---,X,---,X,---,X,---,X,---,X,---,X,---,X,A-LH-206,DOS(DE),---,X
THU,DOS_CS-34,---,X,---,X,---,X,---,X,---,X,---,X,A-LH-107,DOS(DE),---,X,---,X
THU,DOS_CS-35,---,X,---,X,---,X,---,X,---,X,---,X,A-LH-109,DOS(DE),---,X,---,X
THU,CI_CS-1,---,X,---,X,---,X,---,X,---,X,---,X,---,X,---,X,---,X
THU,CI_CS-2,---,X,---,X,---,X,---,X,---,X,---,X,---,X,---,X,---,X
THU,CI_CS-3,---,X,---,X,---,X,---,X,---,X,---,X,---,X,---,X,---,X
THU,CI_CS-4,---,X,---,X,---,X,---,X,---,X,---,X,---,X,---,X,---,X
THU,CI_CS-5,---,X,---,X,---,X,---,X,---,X,---,X,---,X,---,X,---,X
THU,CI_CS-6,---,X,---,X,---,X,---,X,---,X,---,X,---,X,---,X,---,X
THU,CI_CS-7,---,X,---,X,---,X,---,X,---,X,---,X,---,X,---,X,---,X
THU,CI_CS-8,---,X,---,X,---,X,---,X,---,X,---,X,---,X,---,X,---,X
THU,CI_CS-9,---,X,---,X,---,X,---,X,---,X,---,X,---,X,---,X,---,X
THU,CI_CS-10,---,X,---,X,---,X,---,X,---,X,---,X,---,X,---,X,---,X
THU,CI_CS-11,---,X,---,X,---,X,---,X,---,X,---,X,---,X,---,X,---,X
THU,CI_CS-12,---,X,---,X,---,X,---,X,---,X,---,X,---,X,---,X,---,X
THU,CI_CS-13,---,X,---,X,---,X,---,X,---,X,---,X,---,X,---,X,---,X
THU,CI_CS-14,---,X,---,X,---,X,---,X,---,X,---,X,---,X,---,X,---,X
THU,CD_CS-1,---,X,---,X,---,X,---,X,---,X,---,X,---,X,---,X,---,X
THU,CD_CS-2,---,X,---,X,---,X,---,X,---,X,---,X,---,X,---,X,---,X
THU,CD_CS-3,---,X,---,X,---,X,---,X,---,X,---,X,---,X,---,X,---,X
THU,CD_CS-4,---,X,---,X,---,X,---,X,---,X,---,X,---,X,---,X,---,X
THU,DMDW_CS-1,---,X,---,X,---,X,---,X,---,X,---,X,---,X,---,X,---,X
THU,DMDW_CS-2,---,X,---,X,---,X,---,X,---,X,---,X,---,X,---,X,---,X
THU,DMDW_CS-3,---,X,---,X,---,X,---,X,---,X,---,X,---,X,---,X,---,X
THU,DMDW_CS-4,---,X,---,X,---,X,---,X,---,X,---,X,---,X,---,X,---,X
THU,DMDW_CS-5,---,X,---,X,---,X,---,X,---,X,---,X,---,X,---,X,---,X
THU,DMDW_CS-6,---,X,---,X,---,X,---,X,---,X,---,X,---,X,---,X,---,X
THU,DMDW_CS-7,---,X,---,X,---,X,---,X,---,X,---,X,---,X,---,X,---,X
THU,DMDW_CS-8,---,X,---,X,---,X,---,X,---,X,---,X,---,X,---,X,---,X
THU,DMDW_CS-9,---,X,---,X,---,X,---,X,---,X,---,X,---,X,---,X,---,X
THU,DMDW_CS-10,---,X,---,X,---,X,---,X,---,X,---,X,---,X,---,X,---,X
THU,DMDW_CS-11,---,X,---,X,---,X,---,X,---,X,---,X,---,X,---,X,---,X
THU,DMDW_CS-12,---,X,---,X,---,X,---,X,---,X,---,X,---,X,---,X,---,X
THU,DMDW_CS-13,---,X,---,X,---,X,---,X,---,X,---,X,---,X,---,X,---,X
THU,DMDW_CS-14,---,X,---,X,---,X,---,X,---,X,---,X,---,X,---,X,---,X
THU,DMDW_CS-15,---,X,---,X,---,X,---,X,---,X,---,X,---,X,---,X,---,X
THU,DMDW_CS-16,---,X,---,X,---,X,---,X,---,X,---,X,---,X,---,X,---,X
THU,DMDW_CS-17,---,X,---,X,---,X,---,X,---,X,---,X,---,X,---,X,---,X
THU,DMDW_CS-18,---,X,---,X,---,X,---,X,---,X,---,X,---,X,---,X,---,X
THU,DMDW_CS-19,---,X,---,X,---,X,---,X,---,X,---,X,---,X,---,X,---,X
THU,DMDW_CS-20,---,X,---,X,---,X,---,X,---,X,---,X,---,X,---,X,---,X
THU,DMDW_CS-21,---,X,---,X,---,X,---,X,---,X,---,X,---,X,---,X,---,X
THU,DMDW_CS-22,---,X,---,X,---,X,---,X,---,X,---,X,---,X,---,X,---,X
THU,DMDW_CS-23,---,X,---,X,---,X,---,X,---,X,---,X,---,X,---,X,---,X
THU,DMDW_CS-24,---,X,---,X,---,X,---,X,---,X,---,X,---,X,---,X,---,X
THU,DMDW_CS-25,---,X,---,X,---,X,---,X,---,X,---,X,---,X,---,X,---,X
THU,DMDW_CS-26,---,X,---,X,---,X,---,X,---,X,---,X,---,X,---,X,---,X
THU,DMDW_CS-27,---,X,---,X,---,X,---,X,---,X,---,X,---,X,---,X,---,X
THU,DMDW_CS-28,---,X,---,X,---,X,---,X,---,X,---,X,---,X,---,X,---,X
THU,DMDW_CS-29,---,X,---,X,---,X,---,X,---,X,---,X,---,X,---,X,---,X
THU,DMDW_CS-30,---,X,---,X,---,X,---,X,---,X,---,X,---,X,---,X,---,X
THU,DMDW_CS-31,---,X,---,X,---,X,---,X,---,X,---,X,---,X,---,X,---,X
THU,DMDW_CS-32,---,X,---,X,---,X,---,X,---,X,---,X,---,X,---,X,---,X
THU,DMDW_CS-33,---,X,---,X,---,X,---,X,---,X,---,X,---,X,---,X,---,X
THU,DMDW_CS-34,---,X,---,X,---,X,---,X,---,X,---,X,---,X,---,X,---,X
THU,DMDW_CS-35,---,X,---,X,---,X,---,X,---,X,---,X,---,X,---,X,---,X
THU,DMDW_CS-36,---,X,---,X,---,X,---,X,---,X,---,X,---,X,---,X,---,X
THU,DMDW_CS-37,---,X,---,X,---,X,---,X,---,X,---,X,---,X,---,X,---,X
THU,DMDW_CS-38,---,X,---,X,---,X,---,X,---,X,---,X,---,X,---,X,---,X
THU,AI_IT-1,---,X,---,X,---,X,---,X,---,X,---,X,---,X,C-LH-404,AI(DE),---,X
THU,AI_IT-2,---,X,---,X,---,X,---,X,---,X,---,X,C-LH-405,AI(DE),---,X,---,X
THU,AI_IT-3,---,X,---,X,---,X,---,X,---,X,---,X,---,X,C-LH-405,AI(DE),---,X
THU,AI_IT-4,---,X,---,X,---,X,---,X,---,X,---,X,C-LH-201,AI(DE),---,X,---,X
THU,AI_IT-5,---,X,---,X,---,X,---,X,---,X,---,X,---,X,C-LH-201,AI(DE),---,X
THU,BD_IT-1,---,X,---,X,---,X,---,X,---,X,---,X,---,X,---,X,---,X
THU,BD_IT-2,---,X,---,X,---,X,---,X,---,X,---,X,---,X,---,X,---,X
THU,BD_IT-3,---,X,---,X,---,X,---,X,---,X,---,X,---,X,---,X,---,X
THU,BD_IT-4,---,X,---,X,---,X,---,X,---,X,---,X,---,X,---,X,---,X
THU,CI_IT-1,---,X,---,X,---,X,---,X,---,X,---,X,---,X,---,X,---,X
THU,DSA_CE-1,---,X,---,X,---,X,---,X,---,X,---,X,C-LH-403,DSA(DE),---,X,---,X
THU,DSA_CE-2,---,X,---,X,---,X,---,X,---,X,---,X,---,X,C-LH-403,DSA(DE),---,X
THU,DSA_CE-3,---,X,---,X,---,X,---,X,---,X,---,X,C-LH-404,DSA(DE),---,X,---,X
THU,CI_CE-1,---,X,---,X,---,X,---,X,---,X,---,X,---,X,---,X,---,X
THU,IOT_CE-1,---,X,---,X,---,X,---,X,---,X,---,X,---,X,---,X,---,X
THU,IOT_CE-2,---,X,---,X,---,X,---,X,---,X,---,X,---,X,---,X,---,X
THU,AI_SE-1,---,X,---,X,---,X,---,X,---,X,---,X,---,X,C-LH-202,AI(DE),---,X
THU,AI_SE-2,---,X,---,X,---,X,---,X,---,X,---,X,C-LH-202,AI(DE),---,X,---,X
THU,ML_SE-1,---,X,---,X,---,X,---,X,---,X,---,X,---,X,---,X,---,X
THU,ML_SE-2,---,X,---,X,---,X,---,X,---,X,---,X,---,X,---,X,---,X
,,,,,,,,,,,,,,,,,,,
FRI,HPC_CS-1,---,X,---,X,---,X,---,X,---,X,---,X,---,X,---,X,---,X
FRI,HPC_CS-2,---,X,---,X,---,X,---,X,B-201,HPC(DE),---,X,---,X,---,X,---,X
FRI,HPC_CS-3,---,X,---,X,---,X,---,X,---,X,---,X,---,X,---,X,---,X
FRI,HPC_CS-4,---,X,---,X,---,X,---,X,B-202,HPC(DE),---,X,---,X,---,X,---,X
FRI,HPC_CS-5,---,X,---,X,---,X,---,X,---,X,---,X,---,X,---,X,---,X
FRI,HPC_CS-6,---,X,---,X,---,X,---,X,B-203,HPC(DE),---,X,---,X,---,X,---,X
FRI,HPC_CS-7,---,X,---,X,---,X,---,X,---,X,---,X,---,X,---,X,---,X
FRI,HPC_CS-8,---,X,---,X,---,X,---,X,B-204,HPC(DE),---,X,---,X,---,X,---,X
FRI,HPC_CS-9,---,X,---,X,---,X,---,X,---,X,---,X,---,X,---,X,---,X
FRI,HPC_CS-10,---,X,---,X,---,X,---,X,B-205,HPC(DE),---,X,---,X,---,X,---,X
FRI,HPC_CS-11,---,X,---,X,---,X,---,X,---,X,---,X,---,X,---,X,---,X
FRI,HPC_CS-12,---,X,---,X,---,X,---,X,B-206,HPC(DE),---,X,---,X,---,X,---,X
FRI,HPC_CS-13,---,X,---,X,---,X,---,X,---,X,---,X,---,X,---,X,---,X
FRI,HPC_CS-14,---,X,---,X,---,X,---,X,B-301,HPC(DE),---,X,---,X,---,X,---,X
FRI,HPC_CS-15,---,X,---,X,---,X,---,X,---,X,---,X,---,X,---,X,---,X
FRI,HPC_CS-16,---,X,---,X,---,X,---,X,B-302,HPC(DE),---,X,---,X,---,X,---,X
FRI,HPC_CS-17,---,X,---,X,---,X,---,X,---,X,---,X,---,X,---,X,---,X
FRI,HPC_CS-18,---,X,---,X,---,X,---,X,B-303,HPC(DE),---,X,---,X,---,X,---,X
FRI,HPC_CS-19,---,X,---,X,---,X,---,X,---,X,---,X,---,X,---,X,---,X
FRI,HPC_CS-20,---,X,---,X,---,X,---,X,---,X,---,X,---,X,---,X,---,X
FRI,HPC_CS-21,---,X,---,X,---,X,---,X,B-304,HPC(DE),---,X,---,X,---,X,---,X
FRI,DOS_CS-1,---,X,---,X,---,X,---,X,---,X,---,X,---,X,---,X,---,X
FRI,DOS_CS-2,---,X,---,X,---,X,---,X,B-305,DOS(DE),---,X,---,X,---,X,---,X
FRI,DOS_CS-3,---,X,---,X,---,X,---,X,---,X,---,X,---,X,---,X,---,X
FRI,DOS_CS-4,---,X,---,X,---,X,---,X,B-306,DOS(DE),---,X,---,X,---,X,---,X
FRI,DOS_CS-5,---,X,---,X,---,X,---,X,---,X,---,X,---,X,---,X,---,X
FRI,DOS_CS-6,---,X,---,X,---,X,---,X,B-401,DOS(DE),---,X,---,X,---,X,---,X
FRI,DOS_CS-7,---,X,---,X,---,X,---,X,---,X,---,X,---,X,---,X,---,X
FRI,DOS_CS-8,---,X,---,X,---,X,---,X,B-402,DOS(DE),---,X,---,X,---,X,---,X
FRI,DOS_CS-9,---,X,---,X,---,X,---,X,---,X,---,X,---,X,---,X,---,X
FRI,DOS_CS-10,---,X,---,X,---,X,---,X,B-403,DOS(DE),---,X,---,X,---,X,---,X
FRI,DOS_CS-11,---,X,---,X,---,X,---,X,---,X,---,X,---,X,---,X,---,X
FRI,DOS_CS-12,---,X,---,X,---,X,---,X,B-404,DOS(DE),---,X,---,X,---,X,---,X
FRI,DOS_CS-13,---,X,---,X,---,X,---,X,---,X,---,X,---,X,---,X,---,X
FRI,DOS_CS-14,---,X,---,X,---,X,---,X,B-405,DOS(DE),---,X,---,X,---,X,---,X
FRI,DOS_CS-15,---,X,---,X,---,X,---,X,---,X,---,X,---,X,---,X,---,X
FRI,DOS_CS-16,---,X,---,X,---,X,---,X,---,X,---,X,---,X,---,X,---,X
FRI,DOS_CS-17,---,X,---,X,---,X,---,X,B-406,DOS(DE),---,X,---,X,---,X,---,X
FRI,DOS_CS-18,---,X,---,X,---,X,---,X,---,X,---,X,---,X,---,X,---,X
FRI,DOS_CS-19,---,X,---,X,---,X,---,X,A-LH-003,DOS(DE),---,X,---,X,---,X,---,X
FRI,DOS_CS-20,---,X,---,X,---,X,---,X,---,X,---,X,---,X,---,X,---,X
FRI,DOS_CS-21,---,X,---,X,---,X,---,X,A-LH-004,DOS(DE),---,X,---,X,---,X,---,X
FRI,DOS_CS-22,---,X,---,X,---,X,---,X,---,X,---,X,---,X,---,X,---,X
FRI,DOS_CS-23,---,X,---,X,---,X,---,X,A-LH-005,DOS(DE),---,X,---,X,---,X,---,X
FRI,DOS_CS-24,---,X,---,X,---,X,---,X,---,X,---,X,---,X,---,X,---,X
FRI,DOS_CS-25,---,X,---,X,---,X,---,X,A-LH-009,DOS(DE),---,X,---,X,---,X,---,X
FRI,DOS_CS-26,---,X,---,X,---,X,---,X,---,X,---,X,---,X,---,X,---,X
FRI,DOS_CS-27,---,X,---,X,---,X,---,X,A-LH-010,DOS(DE),---,X,---,X,---,X,---,X
FRI,DOS_CS-28,---,X,---,X,---,X,---,X,---,X,---,X,---,X,---,X,---,X
FRI,DOS_CS-29,---,X,---,X,---,X,---,X,A-LH-104,DOS(DE),---,X,---,X,---,X,---,X
FRI,DOS_CS-30,---,X,---,X,---,X,---,X,---,X,---,X,---,X,---,X,---,X
FRI,DOS_CS-31,---,X,---,X,---,X,---,X,A-LH-105,DOS(DE),---,X,---,X,---,X,---,X
FRI,DOS_CS-32,---,X,---,X,---,X,---,X,---,X,---,X,---,X,---,X,---,X
FRI,DOS_CS-33,---,X,---,X,---,X,---,X,---,X,---,X,---,X,---,X,---,X
FRI,DOS_CS-34,---,X,---,X,---,X,---,X,A-LH-107,DOS(DE),---,X,---,X,---,X,---,X
FRI,DOS_CS-35,---,X,---,X,---,X,---,X,A-LH-109,DOS(DE),---,X,---,X,---,X,---,X
FRI,CI_CS-1,---,X,---,X,---,X,A-LH-004,CI(DE),---,X,---,X,---,X,---,X,---,X
FRI,CI_CS-2,---,X,---,X,---,X,---,X,---,X,A-LH-004,CI(DE),---,X,---,X,---,X
FRI,CI_CS-3,---,X,---,X,---,X,A-LH-005,CI(DE),---,X,---,X,---,X,---,X,---,X
FRI,CI_CS-4,---,X,---,X,---,X,---,X,---,X,A-LH-005,CI(DE),---,X,---,X,---,X
FRI,CI_CS-5,---,X,---,X,---,X,A-LH-009,CI(DE),---,X,---,X,---,X,---,X,---,X
FRI,CI_CS-6,---,X,---,X,---,X,---,X,---,X,A-LH-009,CI(DE),---,X,---,X,---,X
FRI,CI_CS-7,---,X,---,X,---,X,A-LH-010,CI(DE),---,X,---,X,---,X,---,X,---,X
FRI,CI_CS-8,---,X,---,X,---,X,---,X,---,X,A-LH-010,CI(DE),---,X,---,X,---,X
FRI,CI_CS-9,---,X,---,X,---,X,A-LH-104,CI(DE),---,X,---,X,---,X,---,X,---,X
FRI,CI_CS-10,---,X,---,X,---,X,---,X,---,X,A-LH-104,CI(DE),---,X,---,X,---,X
FRI,CI_CS-11,---,X,---,X,---,X,A-LH-105,CI(DE),---,X,---,X,---,X,---,X,---,X
FRI,CI_CS-12,---,X,---,X,---,X,---,X,---,X,A-LH-105,CI(DE),---,X,---,X,---,X
FRI,CI_CS-13,---,X,---,X,---,X,---,X,---,X,A-LH-107,CI(DE),---,X,---,X,---,X
FRI,CI_CS-14,---,X,---,X,---,X,A-LH-107,CI(DE),---,X,---,X,---,X,---,X,---,X
FRI,CD_CS-1,---,X,---,X,---,X,---,X,---,X,A-LH-109,CD(DE),---,X,---,X,---,X
FRI,CD_CS-2,---,X,---,X,---,X,A-LH-109,CD(DE),---,X,---,X,---,X,---,X,---,X
FRI,CD_CS-3,---,X,---,X,---,X,---,X,---,X,A-LH-110,CD(DE),---,X,---,X,---,X
FRI,CD_CS-4,---,X,---,X,---,X,A-LH-110,CD(DE),---,X,---,X,---,X,---,X,---,X
FRI,DMDW_CS-1,---,X,---,X,---,X,---,X,---,X,B-201,DMDW(DE),---,X,---,X,---,X
FRI,DMDW_CS-2,---,X,---,X,---,X,B-201,DMDW(DE),---,X,---,X,---,X,---,X,---,X
FRI,DMDW_CS-3,---,X,---,X,---,X,---,X,---,X,B-202,DMDW(DE),---,X,---,X,---,X
FRI,DMDW_CS-4,---,X,---,X,---,X,B-202,DMDW(DE),---,X,---,X,---,X,---,X,---,X
FRI,DMDW_CS-5,---,X,---,X,---,X,---,X,---,X,B-203,DMDW(DE),---,X,---,X,---,X
FRI,DMDW_CS-6,---,X,---,X,---,X,B-203,DMDW(DE),---,X,---,X,---,X,---,X,---,X
FRI,DMDW_CS-7,---,X,---,X,---,X,B-204,DMDW(DE),---,X,---,X,---,X,---,X,---,X
FRI,DMDW_CS-8,---,X,---,X,---,X,---,X,---,X,B-204,DMDW(DE),---,X,---,X,---,X
FRI,DMDW_CS-9,---,X,---,X,---,X,B-205,DMDW(DE),---,X,---,X,---,X,---,X,---,X
FRI,DMDW_CS-10,---,X,---,X,---,X,---,X,---,X,B-205,DMDW(DE),---,X,---,X,---,X
FRI,DMDW_CS-11,---,X,---,X,---,X,B-206,DMDW(DE),---,X,---,X,---,X,---,X,---,X
FRI,DMDW_CS-12,---,X,---,X,---,X,---,X,---,X,B-206,DMDW(DE),---,X,---,X,---,X
FRI,DMDW_CS-13,---,X,---,X,---,X,---,X,---,X,B-301,DMDW(DE),---,X,---,X,---,X
FRI,DMDW_CS-14,---,X,---,X,---,X,---,X,---,X,B-302,DMDW(DE),---,X,---,X,---,X
FRI,DMDW_CS-15,---,X,---,X,---,X,B-301,DMDW(DE),---,X,---,X,---,X,---,X,---,X
FRI,DMDW_CS-16,---,X,---,X,---,X,B-302,DMDW(DE),---,X,---,X,---,X,---,X,---,X
FRI,DMDW_CS-17,---,X,---,X,---,X,---,X,---,X,B-303,DMDW(DE),---,X,---,X,---,X
FRI,DMDW_CS-18,---,X,---,X,---,X,B-303,DMDW(DE),---,X,---,X,---,X,---,X,---,X
FRI,DMDW_CS-19,---,X,---,X,---,X,---,X,---,X,B-304,DMDW(DE),---,X,---,X,---,X
FRI,DMDW_CS-20,---,X,---,X,---,X,---,X,---,X,B-305,DMDW(DE),---,X,---,X,---,X
FRI,DMDW_CS-21,---,X,---,X,---,X,B-304,DMDW(DE),---,X,---,X,---,X,---,X,---,X
FRI,DMDW_CS-22,---,X,---,X,---,X,---,X,---,X,B-306,DMDW(DE),---,X,---,X,---,X
FRI,DMDW_CS-23,---,X,---,X,---,X,B-305,DMDW(DE),---,X,---,X,---,X,---,X,---,X
FRI,DMDW_CS-24,---,X,---,X,---,X,---,X,---,X,B-401,DMDW(DE),---,X,---,X,---,X
FRI,DMDW_CS-25,---,X,---,X,---,X,B-306,DMDW(DE),---,X,---,X,---,X,---,X,---,X
FRI,DMDW_CS-26,---,X,---,X,---,X,B-401,DMDW(DE),---,X,---,X,---,X,---,X,---,X
FRI,DMDW_CS-27,---,X,---,X,---,X,---,X,---,X,B-402,DMDW(DE),---,X,---,X,---,X
FRI,DMDW_CS-28,---,X,---,X,---,X,B-402,DMDW(DE),---,X,---,X,---,X,---,X,---,X
FRI,DMDW_CS-29,---,X,---,X,---,X,---,X,---,X,B-403,DMDW(DE),---,X,---,X,---,X
FRI,DMDW_CS-30,---,X,---,X,---,X,B-403,DMDW(DE),---,X,---,X,---,X,---,X,---,X
FRI,DMDW_CS-31,---,X,---,X,---,X,B-404,DMDW(DE),---,X,---,X,---,X,---,X,---,X
FRI,DMDW_CS-32,---,X,---,X,---,X,---,X,---,X,B-404,DMDW(DE),---,X,---,X,---,X
FRI,DMDW_CS-33,---,X,---,X,---,X,---,X,---,X,B-405,DMDW(DE),---,X,---,X,---,X
FRI,DMDW_CS-34,---,X,---,X,---,X,B-405,DMDW(DE),---,X,---,X,---,X,---,X,---,X
FRI,DMDW_CS-35,---,X,---,X,---,X,---,X,---,X,B-406,DMDW(DE),---,X,---,X,---,X
FRI,DMDW_CS-36,---,X,---,X,---,X,B-406,DMDW(DE),---,X,---,X,---,X,---,X,---,X
FRI,DMDW_CS-37,---,X,---,X,---,X,---,X,---,X,A-LH-003,DMDW(DE),---,X,---,X,---,X
FRI,DMDW_CS-38,---,X,---,X,---,X,A-LH-003,DMDW(DE),---,X,---,X,---,X,---,X,---,X
FRI,AI_IT-1,---,X,---,X,---,X,---,X,---,X,---,X,---,X,---,X,---,X
FRI,AI_IT-2,---,X,---,X,---,X,---,X,C-LH-405,AI(DE),---,X,---,X,---,X,---,X
FRI,AI_IT-3,---,X,---,X,---,X,---,X,---,X,---,X,---,X,---,X,---,X
FRI,AI_IT-4,---,X,---,X,---,X,---,X,C-LH-201,AI(DE),---,X,---,X,---,X,---,X
FRI,AI_IT-5,---,X,---,X,---,X,---,X,---,X,---,X,---,X,---,X,---,X
FRI,BD_IT-1,---,X,---,X,---,X,---,X,---,X,C-LH-404,BD(DE),---,X,---,X,---,X
FRI,BD_IT-2,---,X,---,X,---,X,C-LH-405,BD(DE),---,X,---,X,---,X,---,X,---,X
FRI,BD_IT-3,---,X,---,X,---,X,---,X,---,X,C-LH-405,BD(DE),---,X,---,X,---,X
FRI,BD_IT-4,---,X,---,X,---,X,C-LH-201,BD(DE),---,X,---,X,---,X,---,X,---,X
FRI,CI_IT-1,---,X,---,X,---,X,---,X,---,X,C-LH-201,CI(DE),---,X,---,X,---,X
FRI,DSA_CE-1,---,X,---,X,---,X,---,X,C-LH-403,DSA(DE),---,X,---,X,---,X,---,X
FRI,DSA_CE-2,---,X,---,X,---,X,---,X,---,X,---,X,---,X,---,X,---,X
FRI,DSA_CE-3,---,X,---,X,---,X,---,X,C-LH-404,DSA(DE),---,X,---,X,---,X,---,X
FRI,CI_CE-1,---,X,---,X,---,X,C-LH-404,CI(DE),---,X,---,X,---,X,---,X,---,X
FRI,IOT_CE-1,---,X,---,X,---,X,---,X,---,X,C-LH-403,IOT(DE),---,X,---,X,---,X
FRI,IOT_CE-2,---,X,---,X,---,X,C-LH-403,IOT(DE),---,X,---,X,---,X,---,X,---,X
FRI,AI_SE-1,---,X,---,X,---,X,---,X,---,X,---,X,---,X,---,X,---,X
FRI,AI_SE-2,---,X,---,X,---,X,---,X,C-LH-202,AI(DE),---,X,---,X,---,X,---,X
FRI,ML_SE-1,---,X,---,X,---,X,---,X,---,X,C-LH-202,ML(DE),---,X,---,X,---,X
FRI,ML_SE-2,---,X,---,X,---,X,---,X,---,X,C-LH-203,ML(DE),---,X,---,X,---,X
,,,,,,,,,,,,,,,,,,,
SAT,HPC_CS-1,---,X,---,X,---,X,---,X,---,X,---,X,---,X,---,X,---,X
SAT,HPC_CS-2,---,X,---,X,---,X,---,X,---,X,---,X,---,X,---,X,---,X
SAT,HPC_CS-3,---,X,---,X,---,X,---,X,---,X,---,X,---,X,---,X,---,X
SAT,HPC_CS-4,---,X,---,X,---,X,---,X,---,X,---,X,---,X,---,X,---,X
SAT,HPC_CS-5,---,X,---,X,---,X,---,X,---,X,---,X,---,X,---,X,---,X
SAT,HPC_CS-6,---,X,---,X,---,X,---,X,---,X,---,X,---,X,---,X,---,X
SAT,HPC_CS-7,---,X,---,X,---,X,---,X,---,X,---,X,---,X,---,X,---,X
SAT,HPC_CS-8,---,X,---,X,---,X,---,X,---,X,---,X,---,X,---,X,---,X
SAT,HPC_CS-9,---,X,---,X,---,X,---,X,---,X,---,X,---,X,---,X,---,X
SAT,HPC_CS-10,---,X,---,X,---,X,---,X,---,X,---,X,---,X,---,X,---,X
SAT,HPC_CS-11,---,X,---,X,---,X,---,X,---,X,---,X,---,X,---,X,---,X
SAT,HPC_CS-12,---,X,---,X,---,X,---,X,---,X,---,X,---,X,---,X,---,X
SAT,HPC_CS-13,---,X,---,X,---,X,---,X,---,X,---,X,---,X,---,X,---,X
SAT,HPC_CS-14,---,X,---,X,---,X,---,X,---,X,---,X,---,X,---,X,---,X
SAT,HPC_CS-15,---,X,---,X,---,X,---,X,---,X,---,X,---,X,---,X,---,X
SAT,HPC_CS-16,---,X,---,X,---,X,---,X,---,X,---,X,---,X,---,X,---,X
SAT,HPC_CS-17,---,X,---,X,---,X,---,X,---,X,---,X,---,X,---,X,---,X
SAT,HPC_CS-18,---,X,---,X,---,X,---,X,---,X,---,X,---,X,---,X,---,X
SAT,HPC_CS-19,---,X,---,X,---,X,---,X,---,X,---,X,---,X,---,X,---,X
SAT,HPC_CS-20,---,X,---,X,---,X,---,X,---,X,---,X,---,X,---,X,---,X
SAT,HPC_CS-21,---,X,---,X,---,X,---,X,---,X,---,X,---,X,---,X,---,X
SAT,DOS_CS-1,---,X,---,X,---,X,---,X,---,X,---,X,---,X,---,X,---,X
SAT,DOS_CS-2,---,X,---,X,---,X,---,X,---,X,---,X,---,X,---,X,---,X
SAT,DOS_CS-3,---,X,---,X,---,X,---,X,---,X,---,X,---,X,---,X,---,X
SAT,DOS_CS-4,---,X,---,X,---,X,---,X,---,X,---,X,---,X,---,X,---,X
SAT,DOS_CS-5,---,X,---,X,---,X,---,X,---,X,---,X,---,X,---,X,---,X
SAT,DOS_CS-6,---,X,---,X,---,X,---,X,---,X,---,X,---,X,---,X,---,X
SAT,DOS_CS-7,---,X,---,X,---,X,---,X,---,X,---,X,---,X,---,X,---,X
SAT,DOS_CS-8,---,X,---,X,---,X,---,X,---,X,---,X,---,X,---,X,---,X
SAT,DOS_CS-9,---,X,---,X,---,X,---,X,---,X,---,X,---,X,---,X,---,X
SAT,DOS_CS-10,---,X,---,X,---,X,---,X,---,X,---,X,---,X,---,X,---,X
SAT,DOS_CS-11,---,X,---,X,---,X,---,X,---,X,---,X,---,X,---,X,---,X
SAT,DOS_CS-12,---,X,---,X,---,X,---,X,---,X,---,X,---,X,---,X,---,X
SAT,DOS_CS-13,---,X,---,X,---,X,---,X,---,X,---,X,---,X,---,X,---,X
SAT,DOS_CS-14,---,X,---,X,---,X,---,X,---,X,---,X,---,X,---,X,---,X
SAT,DOS_CS-15,---,X,---,X,---,X,---,X,---,X,---,X,---,X,---,X,---,X
SAT,DOS_CS-16,---,X,---,X,---,X,---,X,---,X,---,X,---,X,---,X,---,X
SAT,DOS_CS-17,---,X,---,X,---,X,---,X,---,X,---,X,---,X,---,X,---,X
SAT,DOS_CS-18,---,X,---,X,---,X,---,X,---,X,---,X,---,X,---,X,---,X
SAT,DOS_CS-19,---,X,---,X,---,X,---,X,---,X,---,X,---,X,---,X,---,X
SAT,DOS_CS-20,---,X,---,X,---,X,---,X,---,X,---,X,---,X,---,X,---,X
SAT,DOS_CS-21,---,X,---,X,---,X,---,X,---,X,---,X,---,X,---,X,---,X
SAT,DOS_CS-22,---,X,---,X,---,X,---,X,---,X,---,X,---,X,---,X,---,X
SAT,DOS_CS-23,---,X,---,X,---,X,---,X,---,X,---,X,---,X,---,X,---,X
SAT,DOS_CS-24,---,X,---,X,---,X,---,X,---,X,---,X,---,X,---,X,---,X
SAT,DOS_CS-25,---,X,---,X,---,X,---,X,---,X,---,X,---,X,---,X,---,X
SAT,DOS_CS-26,---,X,---,X,---,X,---,X,---,X,---,X,---,X,---,X,---,X
SAT,DOS_CS-27,---,X,---,X,---,X,---,X,---,X,---,X,---,X,---,X,---,X
SAT,DOS_CS-28,---,X,---,X,---,X,---,X,---,X,---,X,---,X,---,X,---,X
SAT,DOS_CS-29,---,X,---,X,---,X,---,X,---,X,---,X,---,X,---,X,---,X
SAT,DOS_CS-30,---,X,---,X,---,X,---,X,---,X,---,X,---,X,---,X,---,X
SAT,DOS_CS-31,---,X,---,X,---,X,---,X,---,X,---,X,---,X,---,X,---,X
SAT,DOS_CS-32,---,X,---,X,---,X,---,X,---,X,---,X,---,X,---,X,---,X
SAT,DOS_CS-33,---,X,---,X,---,X,---,X,---,X,---,X,---,X,---,X,---,X
SAT,DOS_CS-34,---,X,---,X,---,X,---,X,---,X,---,X,---,X,---,X,---,X
SAT,DOS_CS-35,---,X,---,X,---,X,---,X,---,X,---,X,---,X,---,X,---,X
SAT,CI_CS-1,---,X,---,X,---,X,---,X,---,X,---,X,---,X,---,X,---,X
SAT,CI_CS-2,---,X,---,X,---,X,---,X,---,X,---,X,---,X,---,X,---,X
SAT,CI_CS-3,---,X,---,X,---,X,---,X,---,X,---,X,---,X,---,X,---,X
SAT,CI_CS-4,---,X,---,X,---,X,---,X,---,X,---,X,---,X,---,X,---,X
SAT,CI_CS-5,---,X,---,X,---,X,---,X,---,X,---,X,---,X,---,X,---,X
SAT,CI_CS-6,---,X,---,X,---,X,---,X,---,X,---,X,---,X,---,X,---,X
SAT,CI_CS-7,---,X,---,X,---,X,---,X,---,X,---,X,---,X,---,X,---,X
SAT,CI_CS-8,---,X,---,X,---,X,---,X,---,X,---,X,---,X,---,X,---,X
SAT,CI_CS-9,---,X,---,X,---,X,---,X,---,X,---,X,---,X,---,X,---,X
SAT,CI_CS-10,---,X,---,X,---,X,---,X,---,X,---,X,---,X,---,X,---,X
SAT,CI_CS-11,---,X,---,X,---,X,---,X,---,X,---,X,---,X,---,X,---,X
SAT,CI_CS-12,---,X,---,X,---,X,---,X,---,X,---,X,---,X,---,X,---,X
SAT,CI_CS-13,---,X,---,X,---,X,---,X,---,X,---,X,---,X,---,X,---,X
SAT,CI_CS-14,---,X,---,X,---,X,---,X,---,X,---,X,---,X,---,X,---,X
SAT,CD_CS-1,---,X,---,X,---,X,---,X,---,X,---,X,---,X,---,X,---,X
SAT,CD_CS-2,---,X,---,X,---,X,---,X,---,X,---,X,---,X,---,X,---,X
SAT,CD_CS-3,---,X,---,X,---,X,---,X,---,X,---,X,---,X,---,X,---,X
SAT,CD_CS-4,---,X,---,X,---,X,---,X,---,X,---,X,---,X,---,X,---,X
SAT,DMDW_CS-1,---,X,---,X,---,X,---,X,---,X,---,X,---,X,---,X,---,X
SAT,DMDW_CS-2,---,X,---,X,---,X,---,X,---,X,---,X,---,X,---,X,---,X
SAT,DMDW_CS-3,---,X,---,X,---,X,---,X,---,X,---,X,---,X,---,X,---,X
SAT,DMDW_CS-4,---,X,---,X,---,X,---,X,---,X,---,X,---,X,---,X,---,X
SAT,DMDW_CS-5,---,X,---,X,---,X,---,X,---,X,---,X,---,X,---,X,---,X
SAT,DMDW_CS-6,---,X,---,X,---,X,---,X,---,X,---,X,---,X,---,X,---,X
SAT,DMDW_CS-7,---,X,---,X,---,X,---,X,---,X,---,X,---,X,---,X,---,X
SAT,DMDW_CS-8,---,X,---,X,---,X,---,X,---,X,---,X,---,X,---,X,---,X
SAT,DMDW_CS-9,---,X,---,X,---,X,---,X,---,X,---,X,---,X,---,X,---,X
SAT,DMDW_CS-10,---,X,---,X,---,X,---,X,---,X,---,X,---,X,---,X,---,X
SAT,DMDW_CS-11,---,X,---,X,---,X,---,X,---,X,---,X,---,X,---,X,---,X
SAT,DMDW_CS-12,---,X,---,X,---,X,---,X,---,X,---,X,---,X,---,X,---,X
SAT,DMDW_CS-13,---,X,---,X,---,X,---,X,---,X,---,X,---,X,---,X,---,X
SAT,DMDW_CS-14,---,X,---,X,---,X,---,X,---,X,---,X,---,X,---,X,---,X
SAT,DMDW_CS-15,---,X,---,X,---,X,---,X,---,X,---,X,---,X,---,X,---,X
SAT,DMDW_CS-16,---,X,---,X,---,X,---,X,---,X,---,X,---,X,---,X,---,X
SAT,DMDW_CS-17,---,X,---,X,---,X,---,X,---,X,---,X,---,X,---,X,---,X
SAT,DMDW_CS-18,---,X,---,X,---,X,---,X,---,X,---,X,---,X,---,X,---,X
SAT,DMDW_CS-19,---,X,---,X,---,X,---,X,---,X,---,X,---,X,---,X,---,X
SAT,DMDW_CS-20,---,X,---,X,---,X,---,X,---,X,---,X,---,X,---,X,---,X
SAT,DMDW_CS-21,---,X,---,X,---,X,---,X,---,X,---,X,---,X,---,X,---,X
SAT,DMDW_CS-22,---,X,---,X,---,X,---,X,---,X,---,X,---,X,---,X,---,X
SAT,DMDW_CS-23,---,X,---,X,---,X,---,X,---,X,---,X,---,X,---,X,---,X
SAT,DMDW_CS-24,---,X,---,X,---,X,---,X,---,X,---,X,---,X,---,X,---,X
SAT,DMDW_CS-25,---,X,---,X,---,X,---,X,---,X,---,X,---,X,---,X,---,X
SAT,DMDW_CS-26,---,X,---,X,---,X,---,X,---,X,---,X,---,X,---,X,---,X
SAT,DMDW_CS-27,---,X,---,X,---,X,---,X,---,X,---,X,---,X,---,X,---,X
SAT,DMDW_CS-28,---,X,---,X,---,X,---,X,---,X,---,X,---,X,---,X,---,X
SAT,DMDW_CS-29,---,X,---,X,---,X,---,X,---,X,---,X,---,X,---,X,---,X
SAT,DMDW_CS-30,---,X,---,X,---,X,---,X,---,X,---,X,---,X,---,X,---,X
SAT,DMDW_CS-31,---,X,---,X,---,X,---,X,---,X,---,X,---,X,---,X,---,X
SAT,DMDW_CS-32,---,X,---,X,---,X,---,X,---,X,---,X,---,X,---,X,---,X
SAT,DMDW_CS-33,---,X,---,X,---,X,---,X,---,X,---,X,---,X,---,X,---,X
SAT,DMDW_CS-34,---,X,---,X,---,X,---,X,---,X,---,X,---,X,---,X,---,X
SAT,DMDW_CS-35,---,X,---,X,---,X,---,X,---,X,---,X,---,X,---,X,---,X
SAT,DMDW_CS-36,---,X,---,X,---,X,---,X,---,X,---,X,---,X,---,X,---,X
SAT,DMDW_CS-37,---,X,---,X,---,X,---,X,---,X,---,X,---,X,---,X,---,X
SAT,DMDW_CS-38,---,X,---,X,---,X,---,X,---,X,---,X,---,X,---,X,---,X
SAT,AI_IT-1,---,X,---,X,---,X,---,X,---,X,---,X,---,X,---,X,---,X
SAT,AI_IT-2,---,X,---,X,---,X,---,X,---,X,---,X,---,X,---,X,---,X
SAT,AI_IT-3,---,X,---,X,---,X,---,X,---,X,---,X,---,X,---,X,---,X
SAT,AI_IT-4,---,X,---,X,---,X,---,X,---,X,---,X,---,X,---,X,---,X
SAT,AI_IT-5,---,X,---,X,---,X,---,X,---,X,---,X,---,X,---,X,---,X
SAT,BD_IT-1,---,X,---,X,---,X,---,X,---,X,---,X,---,X,---,X,---,X
SAT,BD_IT-2,---,X,---,X,---,X,---,X,---,X,---,X,---,X,---,X,---,X
SAT,BD_IT-3,---,X,---,X,---,X,---,X,---,X,---,X,---,X,---,X,---,X
SAT,BD_IT-4,---,X,---,X,---,X,---,X,---,X,---,X,---,X,---,X,---,X
SAT,CI_IT-1,---,X,---,X,---,X,---,X,---,X,---,X,---,X,---,X,---,X
SAT,DSA_CE-1,---,X,---,X,---,X,---,X,---,X,---,X,---,X,---,X,---,X
SAT,DSA_CE-2,---,X,---,X,---,X,---,X,---,X,---,X,---,X,---,X,---,X
SAT,DSA_CE-3,---,X,---,X,---,X,---,X,---,X,---,X,---,X,---,X,---,X
SAT,CI_CE-1,---,X,---,X,---,X,---,X,---,X,---,X,---,X,---,X,---,X
SAT,IOT_CE-1,---,X,---,X,---,X,---,X,---,X,---,X,---,X,---,X,---,X
SAT,IOT_CE-2,---,X,---,X,---,X,---,X,---,X,---,X,---,X,---,X,---,X
SAT,AI_SE-1,---,X,---,X,---,X,---,X,---,X,---,X,---,X,---,X,---,X
SAT,AI_SE-2,---,X,---,X,---,X,---,X,---,X,---,X,---,X,---,X,---,X
SAT,ML_SE-1,---,X,---,X,---,X,---,X,---,X,---,X,---,X,---,X,---,X
SAT,ML_SE-2,---,X,---,X,---,X,---,X,---,X,---,X,---,X,---,X,---,X